{
	"info": {
		"_postman_id": "98436f19-5945-43f1-9378-15f7adb9467c",
		"name": "world-skills-2022-c2-api",
		"schema": "https://schema.getpostman.com/json/collection/v2.1.0/collection.json"
	},
	"item": [
		{
			"name": "/api/v1",
			"item": [
				{
					"name": "/auth",
					"item": [
						{
							"name": "POST /signup",
							"item": [
								{
									"name": "valid request",
									"request": {
										"auth": {
											"type": "noauth"
										},
										"method": "POST",
										"header": [
											{
												"key": "Accept",
												"value": "application/json",
												"type": "default"
											}
										],
										"body": {
											"mode": "raw",
											"raw": "{\n    \"username\": \"new-player\",\n    \"password\": \"asdf1234\"\n}",
											"options": {
												"raw": {
													"language": "json"
												}
											}
										},
										"url": {
											"raw": "{{API_BASE_URL}}/api/v1/auth/signup",
											"host": [
												"{{API_BASE_URL}}"
											],
											"path": [
												"api",
												"v1",
												"auth",
												"signup"
											]
										}
									},
									"response": []
								},
								{
									"name": "existing username",
									"request": {
										"auth": {
											"type": "noauth"
										},
										"method": "POST",
										"header": [
											{
												"key": "Accept",
												"value": "application/json",
												"type": "default"
											}
										],
										"body": {
											"mode": "raw",
											"raw": "{\n    \"username\": \"player1\",\n    \"password\": \"asdf1234\"\n}",
											"options": {
												"raw": {
													"language": "json"
												}
											}
										},
										"url": {
											"raw": "{{API_BASE_URL}}/api/v1/auth/signup",
											"host": [
												"{{API_BASE_URL}}"
											],
											"path": [
												"api",
												"v1",
												"auth",
												"signup"
											]
										}
									},
									"response": []
								},
								{
									"name": "missing password",
									"request": {
										"auth": {
											"type": "noauth"
										},
										"method": "POST",
										"header": [
											{
												"key": "Accept",
												"value": "application/json",
												"type": "default"
											}
										],
										"body": {
											"mode": "raw",
											"raw": "{\n    \"username\": \"new-player-2\"\n}",
											"options": {
												"raw": {
													"language": "json"
												}
											}
										},
										"url": {
											"raw": "{{API_BASE_URL}}/api/v1/auth/signup",
											"host": [
												"{{API_BASE_URL}}"
											],
											"path": [
												"api",
												"v1",
												"auth",
												"signup"
											]
										}
									},
									"response": []
								},
								{
									"name": "missing username",
									"request": {
										"auth": {
											"type": "noauth"
										},
										"method": "POST",
										"header": [
											{
												"key": "Accept",
												"value": "application/json",
												"type": "default"
											}
										],
										"body": {
											"mode": "raw",
											"raw": "{\n    \"password\": \"asdf1234\"\n}",
											"options": {
												"raw": {
													"language": "json"
												}
											}
										},
										"url": {
											"raw": "{{API_BASE_URL}}/api/v1/auth/signup",
											"host": [
												"{{API_BASE_URL}}"
											],
											"path": [
												"api",
												"v1",
												"auth",
												"signup"
											]
										}
									},
									"response": []
								},
								{
									"name": "short values",
									"request": {
										"auth": {
											"type": "noauth"
										},
										"method": "POST",
										"header": [
											{
												"key": "Accept",
												"value": "application/json",
												"type": "default"
											}
										],
										"body": {
											"mode": "raw",
											"raw": "{\n    \"username\": \"a\",\n    \"password\": \"a\"\n}",
											"options": {
												"raw": {
													"language": "json"
												}
											}
										},
										"url": {
											"raw": "{{API_BASE_URL}}/api/v1/auth/signup",
											"host": [
												"{{API_BASE_URL}}"
											],
											"path": [
												"api",
												"v1",
												"auth",
												"signup"
											]
										}
									},
									"response": []
								}
							]
						},
						{
							"name": "POST /signin",
							"item": [
								{
									"name": "dev1",
									"request": {
										"auth": {
											"type": "noauth"
										},
										"method": "POST",
										"header": [
											{
												"key": "Accept",
												"value": "application/json",
												"type": "default"
											}
										],
										"body": {
											"mode": "raw",
											"raw": "{\n    \"username\": \"dev1\",\n    \"password\": \"hellobyte1!\"\n}",
											"options": {
												"raw": {
													"language": "json"
												}
											}
										},
										"url": {
											"raw": "{{API_BASE_URL}}/api/v1/auth/signin",
											"host": [
												"{{API_BASE_URL}}"
											],
											"path": [
												"api",
												"v1",
												"auth",
												"signin"
											]
										}
									},
									"response": []
								},
								{
									"name": "player1",
									"request": {
										"auth": {
											"type": "noauth"
										},
										"method": "POST",
										"header": [
											{
												"key": "Accept",
												"value": "application/json",
												"type": "default"
											}
										],
										"body": {
											"mode": "raw",
											"raw": "{\n    \"username\": \"player1\",\n    \"password\": \"helloworld1!\"\n}",
											"options": {
												"raw": {
													"language": "json"
												}
											}
										},
										"url": {
											"raw": "{{API_BASE_URL}}/api/v1/auth/signin",
											"host": [
												"{{API_BASE_URL}}"
											],
											"path": [
												"api",
												"v1",
												"auth",
												"signin"
											]
										}
									},
									"response": []
								},
								{
									"name": "non-existing username",
									"request": {
										"auth": {
											"type": "noauth"
										},
										"method": "POST",
										"header": [
											{
												"key": "Accept",
												"value": "application/json",
												"type": "default"
											}
										],
										"body": {
											"mode": "raw",
											"raw": "{\n    \"username\": \"i-dont-exist\",\n    \"password\": \"helloworld1!\"\n}",
											"options": {
												"raw": {
													"language": "json"
												}
											}
										},
										"url": {
											"raw": "{{API_BASE_URL}}/api/v1/auth/signin",
											"host": [
												"{{API_BASE_URL}}"
											],
											"path": [
												"api",
												"v1",
												"auth",
												"signin"
											]
										}
									},
									"response": []
								},
								{
									"name": "wrong-password",
									"request": {
										"auth": {
											"type": "noauth"
										},
										"method": "POST",
										"header": [
											{
												"key": "Accept",
												"value": "application/json",
												"type": "default"
											}
										],
										"body": {
											"mode": "raw",
											"raw": "{\n    \"username\": \"player1\",\n    \"password\": \"thisiswrong!\"\n}",
											"options": {
												"raw": {
													"language": "json"
												}
											}
										},
										"url": {
											"raw": "{{API_BASE_URL}}/api/v1/auth/signin",
											"host": [
												"{{API_BASE_URL}}"
											],
											"path": [
												"api",
												"v1",
												"auth",
												"signin"
											]
										}
									},
									"response": []
								}
							]
						},
						{
							"name": "POST /signout",
							"item": [
								{
									"name": "signout",
									"request": {
										"method": "POST",
										"header": [
											{
												"key": "Accept",
												"value": "application/json",
												"type": "default"
											}
										],
										"url": {
											"raw": "{{API_BASE_URL}}/api/v1/auth/signout",
											"host": [
												"{{API_BASE_URL}}"
											],
											"path": [
												"api",
												"v1",
												"auth",
												"signout"
											]
										}
									},
									"response": []
								}
							]
						}
					]
				},
				{
					"name": "/games",
					"item": [
						{
							"name": "GET /",
							"item": [
								{
									"name": "default parameters",
									"request": {
										"auth": {
											"type": "noauth"
										},
										"method": "GET",
										"header": [
											{
												"key": "Accept",
												"value": "application/json",
												"type": "default"
											}
										],
										"url": {
											"raw": "{{API_BASE_URL}}/api/v1/games",
											"host": [
												"{{API_BASE_URL}}"
											],
											"path": [
												"api",
												"v1",
												"games"
											]
										}
									},
									"response": []
								},
								{
									"name": "first 2 games",
									"request": {
										"auth": {
											"type": "noauth"
										},
										"method": "GET",
										"header": [
											{
												"key": "Accept",
												"value": "application/json",
												"type": "default"
											}
										],
										"url": {
											"raw": "{{API_BASE_URL}}/api/v1/games?page=0&size=2",
											"host": [
												"{{API_BASE_URL}}"
											],
											"path": [
												"api",
												"v1",
												"games"
											],
											"query": [
												{
													"key": "page",
													"value": "0"
												},
												{
													"key": "size",
													"value": "2"
												}
											]
										}
									},
									"response": []
								},
								{
									"name": "second 2 games",
									"request": {
										"auth": {
											"type": "noauth"
										},
										"method": "GET",
										"header": [
											{
												"key": "Accept",
												"value": "application/json",
												"type": "default"
											}
										],
										"url": {
											"raw": "{{API_BASE_URL}}/api/v1/games?page=1&size=2",
											"host": [
												"{{API_BASE_URL}}"
											],
											"path": [
												"api",
												"v1",
												"games"
											],
											"query": [
												{
													"key": "page",
													"value": "1"
												},
												{
													"key": "size",
													"value": "2"
												}
											]
										}
									},
									"response": []
								},
								{
									"name": "sort by title asc",
									"request": {
										"auth": {
											"type": "noauth"
										},
										"method": "GET",
										"header": [
											{
												"key": "Accept",
												"value": "application/json",
												"type": "default"
											}
										],
										"url": {
											"raw": "{{API_BASE_URL}}/api/v1/games?sortBy=title&sortDir=asc",
											"host": [
												"{{API_BASE_URL}}"
											],
											"path": [
												"api",
												"v1",
												"games"
											],
											"query": [
												{
													"key": "sortBy",
													"value": "title"
												},
												{
													"key": "sortDir",
													"value": "asc"
												}
											]
										}
									},
									"response": []
								},
								{
									"name": "sort by title desc",
									"request": {
										"auth": {
											"type": "noauth"
										},
										"method": "GET",
										"header": [
											{
												"key": "Accept",
												"value": "application/json",
												"type": "default"
											}
										],
										"url": {
											"raw": "{{API_BASE_URL}}/api/v1/games?sortBy=title&sortDir=desc",
											"host": [
												"{{API_BASE_URL}}"
											],
											"path": [
												"api",
												"v1",
												"games"
											],
											"query": [
												{
													"key": "sortBy",
													"value": "title"
												},
												{
													"key": "sortDir",
													"value": "desc"
												}
											]
										}
									},
									"response": []
								},
								{
									"name": "sort by popularity asc",
									"request": {
										"auth": {
											"type": "noauth"
										},
										"method": "GET",
										"header": [
											{
												"key": "Accept",
												"value": "application/json",
												"type": "default"
											}
										],
										"url": {
											"raw": "{{API_BASE_URL}}/api/v1/games?sortBy=popular&sortDir=asc",
											"host": [
												"{{API_BASE_URL}}"
											],
											"path": [
												"api",
												"v1",
												"games"
											],
											"query": [
												{
													"key": "sortBy",
													"value": "popular"
												},
												{
													"key": "sortDir",
													"value": "asc"
												}
											]
										}
									},
									"response": []
								},
								{
									"name": "sort by popularity desc",
									"request": {
										"auth": {
											"type": "noauth"
										},
										"method": "GET",
										"header": [
											{
												"key": "Accept",
												"value": "application/json",
												"type": "default"
											}
										],
										"url": {
											"raw": "{{API_BASE_URL}}/api/v1/games?sortBy=popular&sortDir=desc",
											"host": [
												"{{API_BASE_URL}}"
											],
											"path": [
												"api",
												"v1",
												"games"
											],
											"query": [
												{
													"key": "sortBy",
													"value": "popular"
												},
												{
													"key": "sortDir",
													"value": "desc"
												}
											]
										}
									},
									"response": []
								},
								{
									"name": "sort by uploaddate asc",
									"request": {
										"auth": {
											"type": "noauth"
										},
										"method": "GET",
										"header": [
											{
												"key": "Accept",
												"value": "application/json",
												"type": "default"
											}
										],
										"url": {
											"raw": "{{API_BASE_URL}}/api/v1/games?sortBy=uploaddate&sortDir=asc",
											"host": [
												"{{API_BASE_URL}}"
											],
											"path": [
												"api",
												"v1",
												"games"
											],
											"query": [
												{
													"key": "sortBy",
													"value": "uploaddate"
												},
												{
													"key": "sortDir",
													"value": "asc"
												}
											]
										}
									},
									"response": []
								},
								{
									"name": "sort by uploaddate desc",
									"request": {
										"auth": {
											"type": "noauth"
										},
										"method": "GET",
										"header": [
											{
												"key": "Accept",
												"value": "application/json",
												"type": "default"
											}
										],
										"url": {
											"raw": "{{API_BASE_URL}}/api/v1/games?sortBy=uploaddate&sortDir=desc",
											"host": [
												"{{API_BASE_URL}}"
											],
											"path": [
												"api",
												"v1",
												"games"
											],
											"query": [
												{
													"key": "sortBy",
													"value": "uploaddate"
												},
												{
													"key": "sortDir",
													"value": "desc"
												}
											]
										}
									},
									"response": []
								}
							]
						},
						{
							"name": "POST /",
							"item": [
								{
									"name": "valid request",
									"request": {
										"method": "POST",
										"header": [
											{
												"key": "Accept",
												"value": "application/json",
												"type": "default"
											}
										],
										"body": {
											"mode": "raw",
											"raw": "{\n    \"title\": \"My New Game\",\n    \"description\": \"This is my newest game, it is awesome\"\n}",
											"options": {
												"raw": {
													"language": "json"
												}
											}
										},
										"url": {
											"raw": "{{API_BASE_URL}}/api/v1/games",
											"host": [
												"{{API_BASE_URL}}"
											],
											"path": [
												"api",
												"v1",
												"games"
											]
										}
									},
									"response": []
								},
								{
									"name": "duplicate slug",
									"request": {
										"method": "POST",
										"header": [
											{
												"key": "Accept",
												"value": "application/json",
												"type": "default"
											}
										],
										"body": {
											"mode": "raw",
											"raw": "{\n    \"title\": \"Demo Game 1\",\n    \"description\": \"This is my newest game, it is awesome\"\n}",
											"options": {
												"raw": {
													"language": "json"
												}
											}
										},
										"url": {
											"raw": "{{API_BASE_URL}}/api/v1/games",
											"host": [
												"{{API_BASE_URL}}"
											],
											"path": [
												"api",
												"v1",
												"games"
											]
										}
									},
									"response": []
								},
								{
									"name": "missing title",
									"request": {
										"method": "POST",
										"header": [
											{
												"key": "Accept",
												"value": "application/json",
												"type": "default"
											}
										],
										"body": {
											"mode": "raw",
											"raw": "{\n    \"description\": \"This is my newest game, it is awesome\"\n}",
											"options": {
												"raw": {
													"language": "json"
												}
											}
										},
										"url": {
											"raw": "{{API_BASE_URL}}/api/v1/games",
											"host": [
												"{{API_BASE_URL}}"
											],
											"path": [
												"api",
												"v1",
												"games"
											]
										}
									},
									"response": []
								},
								{
									"name": "missing description",
									"request": {
										"method": "POST",
										"header": [
											{
												"key": "Accept",
												"value": "application/json",
												"type": "default"
											}
										],
										"body": {
											"mode": "raw",
											"raw": "{\n    \"title\": \"My other new game\"\n}",
											"options": {
												"raw": {
													"language": "json"
												}
											}
										},
										"url": {
											"raw": "{{API_BASE_URL}}/api/v1/games",
											"host": [
												"{{API_BASE_URL}}"
											],
											"path": [
												"api",
												"v1",
												"games"
											]
										}
									},
									"response": []
								},
								{
									"name": "short title",
									"request": {
										"method": "POST",
										"header": [
											{
												"key": "Accept",
												"value": "application/json",
												"type": "default"
											}
										],
										"body": {
											"mode": "raw",
											"raw": "{\n    \"title\": \"a\",\n    \"description\": \"a.\"\n}",
											"options": {
												"raw": {
													"language": "json"
												}
											}
										},
										"url": {
											"raw": "{{API_BASE_URL}}/api/v1/games",
											"host": [
												"{{API_BASE_URL}}"
											],
											"path": [
												"api",
												"v1",
												"games"
											]
										}
									},
									"response": []
								}
							]
						},
						{
							"name": "GET /:slug",
							"item": [
								{
									"name": "demo-game-1",
									"request": {
										"auth": {
											"type": "noauth"
										},
										"method": "GET",
										"header": [
											{
												"key": "Accept",
												"value": "application/json",
												"type": "default"
											}
										],
										"url": {
											"raw": "{{API_BASE_URL}}/api/v1/games/demo-game-1",
											"host": [
												"{{API_BASE_URL}}"
											],
											"path": [
												"api",
												"v1",
												"games",
												"demo-game-1"
											]
										}
									},
									"response": []
								},
								{
									"name": "demo-game-2",
									"request": {
										"auth": {
											"type": "noauth"
										},
										"method": "GET",
										"header": [
											{
												"key": "Accept",
												"value": "application/json",
												"type": "default"
											}
										],
										"url": {
											"raw": "{{API_BASE_URL}}/api/v1/games/demo-game-2",
											"host": [
												"{{API_BASE_URL}}"
											],
											"path": [
												"api",
												"v1",
												"games",
												"demo-game-2"
											]
										}
									},
									"response": []
								}
							]
						},
						{
							"name": "/:slug",
							"item": [
								{
									"name": "PUT /",
									"item": [
										{
											"name": "update demo-game-1",
											"request": {
												"method": "PUT",
												"header": [
													{
														"key": "Accept",
														"value": "application/json",
														"type": "default"
													}
												],
												"body": {
													"mode": "raw",
													"raw": "{\n    \"title\": \"Demo Game 1 (updated)\",\n    \"description\": \"This is demo game 1 (updated)\"\n}",
													"options": {
														"raw": {
															"language": "json"
														}
													}
												},
												"url": {
													"raw": "{{API_BASE_URL}}/api/v1/games/demo-game-1",
													"host": [
														"{{API_BASE_URL}}"
													],
													"path": [
														"api",
														"v1",
														"games",
														"demo-game-1"
													]
												}
											},
											"response": []
										},
										{
											"name": "update demo-game-1 title only",
											"request": {
												"method": "PUT",
												"header": [
													{
														"key": "Accept",
														"value": "application/json",
														"type": "default"
													}
												],
												"body": {
													"mode": "raw",
													"raw": "{\n    \"title\": \"Demo Game 1 (updated title only)\"\n}",
													"options": {
														"raw": {
															"language": "json"
														}
													}
												},
												"url": {
													"raw": "{{API_BASE_URL}}/api/v1/games/demo-game-1",
													"host": [
														"{{API_BASE_URL}}"
													],
													"path": [
														"api",
														"v1",
														"games",
														"demo-game-1"
													]
												}
											},
											"response": []
										},
										{
											"name": "update demo-game-1 description only",
											"request": {
												"method": "PUT",
												"header": [
													{
														"key": "Accept",
														"value": "application/json",
														"type": "default"
													}
												],
												"body": {
													"mode": "raw",
													"raw": "{\n    \"description\": \"This is demo game 1 (updated description only)\"\n}",
													"options": {
														"raw": {
															"language": "json"
														}
													}
												},
												"url": {
													"raw": "{{API_BASE_URL}}/api/v1/games/demo-game-1",
													"host": [
														"{{API_BASE_URL}}"
													],
													"path": [
														"api",
														"v1",
														"games",
														"demo-game-1"
													]
												}
											},
											"response": []
										}
									]
								},
								{
									"name": "DELETE /",
									"item": [
										{
											"name": "delete demo-game-2",
											"request": {
												"method": "DELETE",
												"header": [
													{
														"key": "Accept",
														"value": "application/json",
														"type": "default"
													}
												],
												"url": {
													"raw": "{{API_BASE_URL}}/api/v1/games/demo-game-2",
													"host": [
														"{{API_BASE_URL}}"
													],
													"path": [
														"api",
														"v1",
														"games",
														"demo-game-2"
													]
												}
											},
											"response": []
										}
									]
								},
								{
									"name": "POST /upload",
									"item": [
										{
											"name": "upload demo-game-1",
											"request": {
												"method": "POST",
												"header": [
													{
														"key": "Accept",
														"value": "application/json",
														"type": "default"
													}
												],
												"body": {
													"mode": "formdata",
													"formdata": [
														{
															"key": "zipfile",
															"type": "file",
															"src": "/Downloads/full.zip"
														},
														{
															"key": "token",
															"value": "REPLACE_ME",
															"type": "default"
														}
													]
												},
												"url": {
													"raw": "{{API_BASE_URL}}/api/v1/games/demo-game-1/upload",
													"host": [
														"{{API_BASE_URL}}"
													],
													"path": [
														"api",
														"v1",
														"games",
														"demo-game-1",
														"upload"
													]
												}
											},
											"response": []
										},
										{
											"name": "upload demo-game-2",
											"request": {
												"method": "POST",
												"header": [
													{
														"key": "Accept",
														"value": "application/json",
														"type": "default"
													}
												],
												"body": {
													"mode": "formdata",
													"formdata": [
														{
															"key": "zipfile",
															"type": "file",
															"src": "/Downloads/full.zip"
														},
														{
															"key": "token",
															"value": "REPLACE_ME",
															"type": "default"
														}
													]
												},
												"url": {
													"raw": "{{API_BASE_URL}}/api/v1/games/demo-game-2/upload",
													"host": [
														"{{API_BASE_URL}}"
													],
													"path": [
														"api",
														"v1",
														"games",
														"demo-game-2",
														"upload"
													]
												}
											},
											"response": []
										},
										{
											"name": "missing token",
											"request": {
												"method": "POST",
												"header": [
													{
														"key": "Accept",
														"value": "application/json",
														"type": "default"
													}
												],
												"body": {
													"mode": "formdata",
													"formdata": [
														{
															"key": "zipfile",
															"type": "file",
															"src": "/Downloads/full.zip"
														}
													]
												},
												"url": {
													"raw": "{{API_BASE_URL}}/api/v1/games/demo-game-1/upload",
													"host": [
														"{{API_BASE_URL}}"
													],
													"path": [
														"api",
														"v1",
														"games",
														"demo-game-1",
														"upload"
													]
												}
											},
											"response": []
										},
										{
											"name": "missing zip file",
											"request": {
												"method": "POST",
												"header": [
													{
														"key": "Accept",
														"value": "application/json",
														"type": "default"
													}
												],
												"body": {
													"mode": "formdata",
													"formdata": [
														{
															"key": "token",
															"value": "REPLACE_ME",
															"type": "default"
														}
													]
												},
												"url": {
													"raw": "{{API_BASE_URL}}/api/v1/games/demo-game-1/upload",
													"host": [
														"{{API_BASE_URL}}"
													],
													"path": [
														"api",
														"v1",
														"games",
														"demo-game-1",
														"upload"
													]
												}
											},
											"response": []
										}
									]
								},
								{
									"name": "GET /scores",
									"item": [
										{
											"name": "demo-game-1",
											"request": {
												"auth": {
													"type": "noauth"
												},
												"method": "GET",
												"header": [
													{
														"key": "Accept",
														"value": "application/json",
														"type": "default"
													}
												],
												"url": {
													"raw": "{{API_BASE_URL}}/api/v1/games/demo-game-1/scores",
													"host": [
														"{{API_BASE_URL}}"
													],
													"path": [
														"api",
														"v1",
														"games",
														"demo-game-1",
														"scores"
													]
												}
											},
											"response": []
										},
										{
											"name": "demo-game-2",
											"request": {
												"auth": {
													"type": "noauth"
												},
												"method": "GET",
												"header": [
													{
														"key": "Accept",
														"value": "application/json",
														"type": "default"
													}
												],
												"url": {
													"raw": "{{API_BASE_URL}}/api/v1/games/demo-game-2/scores",
													"host": [
														"{{API_BASE_URL}}"
													],
													"path": [
														"api",
														"v1",
														"games",
														"demo-game-2",
														"scores"
													]
												}
											},
											"response": []
										}
									]
								},
								{
									"name": "POST /scores",
									"item": [
										{
											"name": "demo-game-1",
											"request": {
												"method": "POST",
												"header": [
													{
														"key": "Accept",
														"value": "application/json",
														"type": "default"
													}
												],
												"body": {
													"mode": "raw",
													"raw": "{\n    \"score\": 1234\n}",
													"options": {
														"raw": {
															"language": "json"
														}
													}
												},
												"url": {
													"raw": "{{API_BASE_URL}}/api/v1/games/demo-game-1/scores",
													"host": [
														"{{API_BASE_URL}}"
													],
													"path": [
														"api",
														"v1",
														"games",
														"demo-game-1",
														"scores"
													]
												}
											},
											"response": []
										}
									]
								}
							]
						}
					]
				},
				{
					"name": "/users/:username",
					"item": [
						{
							"name": "player1",
							"request": {
								"method": "GET",
								"header": [
									{
										"key": "Accept",
										"value": "application/json",
										"type": "default"
									}
								],
								"url": {
									"raw": "{{API_BASE_URL}}/api/v1/users/player1",
									"host": [
										"{{API_BASE_URL}}"
									],
									"path": [
										"api",
										"v1",
										"users",
										"player1"
									]
								}
							},
							"response": []
						},
						{
							"name": "dev1",
							"request": {
								"method": "GET",
								"header": [
									{
										"key": "Accept",
										"value": "application/json",
										"type": "default"
									}
								],
								"url": {
									"raw": "{{API_BASE_URL}}/api/v1/users/dev1",
									"host": [
										"{{API_BASE_URL}}"
									],
									"path": [
										"api",
										"v1",
										"users",
										"dev1"
									]
								}
							},
							"response": []
						}
					]
				}
			]
		}
	],
	"auth": {
		"type": "bearer",
		"bearer": [
			{
				"key": "token",
				"value": "",
				"type": "string"
			}
		]
	},
	"event": [
		{
			"listen": "prerequest",
			"script": {
				"type": "text/javascript",
				"exec": [
					""
				]
			}
		},
		{
			"listen": "test",
			"script": {
				"type": "text/javascript",
				"exec": [
					""
				]
			}
		}
	],
	"variable": [
		{
			"key": "API_BASE_URL",
			"value": "http://webXX.wsc2022.se/module_c_solution",
			"type": "default"
		}
	]
}
